{"stats":{"minecraft:dropped":{"minecraft:cobblestone":64,"minecraft:dirt":64},"minecraft:custom":{"minecraft:interact_with_furnace":1,"minecraft:mob_kills":42,"minecraft:open_barrel":6,"minecraft:play_one_minute":2379027,"minecraft:raid_trigger":1,"minecraft:interact_with_grindstone":4,"minecraft:leave_game":22,"minecraft:time_since_death":2379027,"minecraft:sleep_in_bed":3,"minecraft:climb_one_cm":26619,"minecraft:time_since_rest":908486,"minecraft:sprint_one_cm":65981,"minecraft:walk_one_cm":2738768,"minecraft:drop":2,"minecraft:minecart_one_cm":175630,"minecraft:damage_dealt":9453,"minecraft:talked_to_villager":6,"minecraft:fly_one_cm":4432920,"minecraft:open_chest":117,"minecraft:crouch_one_cm":539,"minecraft:sneak_time":16768,"minecraft:walk_under_water_one_cm":68072,"minecraft:jump":2717,"minecraft:walk_on_water_one_cm":63507,"minecraft:interact_with_smoker":2,"minecraft:fall_one_cm":418},"minecraft:used":{"minecraft:purpur_block":475,"minecraft:netherite_sword":50,"minecraft:oak_fence":16,"minecraft:jack_o_lantern":1,"minecraft:damaged_anvil":1,"minecraft:water_bucket":321,"minecraft:diorite":1,"minecraft:writable_book":1,"minecraft:iron_bars":16,"minecraft:cobblestone_stairs":96,"minecraft:prismarine_brick_slab":52,"minecraft:dropper":3,"minecraft:cut_red_sandstone_slab":1,"minecraft:smooth_quartz_slab":22,"minecraft:witch_spawn_egg":2,"minecraft:powered_rail":1565,"minecraft:redstone":50,"minecraft:poppy":140,"minecraft:ladder":2,"minecraft:cartography_table":1,"minecraft:oak_sign":6,"minecraft:smooth_sandstone_slab":4,"minecraft:chest":48,"minecraft:white_terracotta":5759,"minecraft:stone":739,"minecraft:zombie_spawn_egg":1,"minecraft:redstone_block":131,"minecraft:fletching_table":2,"minecraft:smooth_sandstone_stairs":27,"minecraft:oak_door":14,"minecraft:torch":228,"minecraft:brewing_stand":2,"minecraft:skeleton_spawn_egg":17,"minecraft:dirt":4412,"minecraft:birch_pressure_plate":2,"minecraft:rail":1,"minecraft:comparator":6,"minecraft:yellow_terracotta":2990,"minecraft:infested_chiseled_stone_bricks":270,"minecraft:tnt":605,"minecraft:hopper":1,"minecraft:loom":1,"minecraft:white_bed":18,"minecraft:acacia_button":1,"minecraft:tuff":2,"minecraft:granite":1,"minecraft:smoker":1,"minecraft:oak_fence_gate":2,"minecraft:dark_oak_door":2,"minecraft:shroomlight":5,"minecraft:birch_fence":49,"minecraft:redstone_torch":77,"minecraft:andesite_wall":274,"minecraft:black_terracotta":3,"minecraft:sticky_piston":3,"minecraft:lever":34,"minecraft:sea_lantern":18,"minecraft:cornflower":135,"minecraft:acacia_stairs":40,"minecraft:black_concrete":14558,"minecraft:birch_fence_gate":7,"minecraft:acacia_door":10,"minecraft:command_block":25,"minecraft:grass_block":447,"minecraft:spawner":29,"minecraft:stone_button":22,"minecraft:netherite_axe":138,"minecraft:lectern":1,"minecraft:iron_door":27,"minecraft:stone_brick_stairs":6,"minecraft:barrel":6,"minecraft:slime_spawn_egg":4,"minecraft:soul_lantern":27,"minecraft:acacia_fence_gate":10,"minecraft:birch_button":1,"minecraft:repeater":15,"minecraft:iron_trapdoor":21,"minecraft:andesite":18,"minecraft:infested_cracked_stone_bricks":1384,"minecraft:scaffolding":41,"minecraft:acacia_pressure_plate":2,"minecraft:acacia_fence":207,"minecraft:furnace":1,"minecraft:grindstone":3,"minecraft:smithing_table":1,"minecraft:minecart":6,"minecraft:sandstone_slab":2,"minecraft:chain_command_block":5,"minecraft:smooth_stone_slab":66,"minecraft:glass_pane":77,"minecraft:mossy_cobblestone_wall":95,"minecraft:repeating_command_block":2,"minecraft:sea_pickle":8,"minecraft:horn_coral_block":294,"minecraft:stone_pressure_plate":11,"minecraft:white_concrete":1693,"minecraft:coarse_dirt":4,"minecraft:soul_torch":1},"minecraft:killed":{"minecraft:zombie_villager":2,"minecraft:spider":1,"minecraft:creeper":14,"minecraft:skeleton":5,"minecraft:pillager":3,"minecraft:zombie":8,"minecraft:villager":5,"minecraft:enderman":1},"minecraft:picked_up":{"minecraft:bee_nest":1,"minecraft:azure_bluet":56,"minecraft:redstone_block":1,"minecraft:chicken":2,"minecraft:iron_door":4,"minecraft:andesite":99,"minecraft:leather":4,"minecraft:lead":5,"minecraft:carrot_on_a_stick":2,"minecraft:flint":1,"minecraft:gunpowder":14,"minecraft:cornflower":20,"minecraft:string":6,"minecraft:dirt":378,"minecraft:white_banner":1,"minecraft:bone":31,"minecraft:wheat_seeds":237,"minecraft:comparator":2,"minecraft:cobweb":3,"minecraft:iron_ore":6,"minecraft:redstone_torch":11,"minecraft:minecart":1,"minecraft:poppy":19,"minecraft:powered_rail":30,"minecraft:egg":3,"minecraft:stick":3,"minecraft:torch":1,"minecraft:dandelion":27,"minecraft:gravel":4,"minecraft:stone_button":1,"minecraft:diorite":7,"minecraft:gold_ore":11,"minecraft:redstone":7,"minecraft:stone_pressure_plate":5,"minecraft:tnt":11,"minecraft:pumpkin_seeds":22,"minecraft:arrow":19,"minecraft:rotten_flesh":22,"minecraft:beetroot_seeds":15,"minecraft:lever":7,"minecraft:crossbow":1,"minecraft:granite":9,"minecraft:oak_sapling":3,"minecraft:melon_seeds":10,"minecraft:rail":7,"minecraft:coal":32,"minecraft:ender_pearl":1,"minecraft:cobblestone":384,"minecraft:oxeye_daisy":3}},"DataVersion":2682}