{"stats":{"minecraft:mined":{"minecraft:grass":1,"minecraft:tall_grass":1},"minecraft:custom":{"minecraft:time_since_rest":16354,"minecraft:open_chest":7,"minecraft:play_one_minute":29480,"minecraft:sprint_one_cm":1982,"minecraft:deaths":3,"minecraft:damage_taken":20,"minecraft:walk_one_cm":46027,"minecraft:sneak_time":13,"minecraft:mob_kills":1,"minecraft:jump":66,"minecraft:minecart_one_cm":149543,"minecraft:damage_dealt":296,"minecraft:leave_game":4,"minecraft:time_since_death":16317,"minecraft:interact_with_cartography_table":1,"minecraft:fly_one_cm":82239},"minecraft:picked_up":{"minecraft:leather":4,"minecraft:bread":8,"minecraft:gunpowder":2,"minecraft:paper":12},"minecraft:used":{"minecraft:cracked_stone_bricks":2,"minecraft:villager_spawn_egg":54,"minecraft:acacia_door":1,"minecraft:chest":2,"minecraft:blue_concrete":53},"minecraft:killed":{"minecraft:creeper":1}},"DataVersion":2584}