{"stats":{"minecraft:custom":{"minecraft:time_since_rest":58402,"minecraft:sprint_one_cm":546,"minecraft:walk_one_cm":287022,"minecraft:mob_kills":3,"minecraft:damage_dealt":419,"minecraft:talked_to_villager":1,"minecraft:fly_one_cm":1570297,"minecraft:open_chest":35,"minecraft:play_one_minute":343563,"minecraft:crouch_one_cm":48,"minecraft:deaths":3,"minecraft:sneak_time":3902,"minecraft:walk_under_water_one_cm":40464,"minecraft:jump":508,"minecraft:leave_game":8,"minecraft:time_since_death":58340,"minecraft:walk_on_water_one_cm":127448,"minecraft:fall_one_cm":418},"minecraft:picked_up":{"minecraft:porkchop":5,"minecraft:cornflower":14,"minecraft:poppy":1},"minecraft:used":{"minecraft:andesite_wall":462,"minecraft:water_bucket":7,"minecraft:cornflower":13,"minecraft:black_concrete":220,"minecraft:villager_spawn_egg":26,"minecraft:quartz_slab":1,"minecraft:smooth_quartz_slab":1,"minecraft:grass_block":255,"minecraft:netherite_axe":4,"minecraft:oak_sign":1,"minecraft:spawner":28,"minecraft:chest":7,"minecraft:white_terracotta":3,"minecraft:red_terracotta":3,"minecraft:stone":2,"minecraft:stone_brick_stairs":159,"minecraft:stone_bricks":182,"minecraft:jungle_sign":2,"minecraft:yellow_terracotta":3,"minecraft:dark_oak_boat":1,"minecraft:infested_cracked_stone_bricks":16,"minecraft:crafting_table":1,"minecraft:white_stained_glass_pane":336,"minecraft:minecart":1,"minecraft:grass_path":110,"minecraft:horn_coral_block":2,"minecraft:white_concrete":26,"minecraft:blue_concrete":810,"minecraft:splash_potion":70,"minecraft:oak_fence_gate":1},"minecraft:killed":{"minecraft:pig":3}},"DataVersion":2584}