{"stats":{"minecraft:used":{"minecraft:oak_fence":66,"minecraft:purpur_block":475,"minecraft:netherite_sword":69,"minecraft:jack_o_lantern":1,"minecraft:writable_book":1,"minecraft:iron_bars":80,"minecraft:cut_red_sandstone_slab":1,"minecraft:smooth_quartz_slab":22,"minecraft:armor_stand":9,"minecraft:spruce_slab":107,"minecraft:redstone":58,"minecraft:poppy":140,"minecraft:ladder":2,"minecraft:oak_sign":8,"minecraft:white_concrete_powder":1,"minecraft:spruce_planks":186,"minecraft:chest":86,"minecraft:white_terracotta":6832,"minecraft:stone":1375,"minecraft:zombie_spawn_egg":12,"minecraft:smooth_sandstone_stairs":27,"minecraft:oak_door":15,"minecraft:debug_stick":78,"minecraft:torch":301,"minecraft:brewing_stand":25,"minecraft:dirt":4469,"minecraft:birch_pressure_plate":2,"minecraft:red_nether_brick_slab":1,"minecraft:skeleton_spawn_egg":68,"minecraft:white_carpet":18,"minecraft:hopper":1,"minecraft:nether_brick_slab":643,"minecraft:acacia_button":2,"minecraft:tuff":2,"minecraft:granite":1,"minecraft:nether_brick_stairs":226,"minecraft:oak_fence_gate":17,"minecraft:milk_bucket":3,"minecraft:shroomlight":5,"minecraft:andesite_wall":316,"minecraft:birch_door":31,"minecraft:mossy_cobblestone_stairs":36,"minecraft:glass":42,"minecraft:sea_lantern":63,"minecraft:netherite_shovel":104,"minecraft:villager_spawn_egg":20,"minecraft:lantern":12,"minecraft:grass_block":944,"minecraft:oak_stairs":13,"minecraft:spawner":106,"minecraft:mossy_cobblestone_slab":1467,"minecraft:barrel":15,"minecraft:stone_brick_stairs":6,"minecraft:item_frame":51,"minecraft:slime_spawn_egg":5,"minecraft:repeater":19,"minecraft:birch_button":1,"minecraft:tripwire_hook":3,"minecraft:redstone_lamp":12,"minecraft:infested_mossy_stone_bricks":1,"minecraft:magma_block":6,"minecraft:bow":2,"minecraft:scaffolding":99,"minecraft:iron_trapdoor":21,"minecraft:infested_cracked_stone_bricks":4465,"minecraft:furnace":1,"minecraft:drowned_spawn_egg":5,"minecraft:minecart":6,"minecraft:acacia_fence":243,"minecraft:horn_coral_block":294,"minecraft:stone_pressure_plate":15,"minecraft:end_stone_brick_stairs":221,"minecraft:yellow_banner":3,"minecraft:water_bucket":321,"minecraft:mossy_stone_bricks":1656,"minecraft:damaged_anvil":1,"minecraft:diorite":1,"minecraft:end_rod":2,"minecraft:cobblestone_stairs":306,"minecraft:spruce_door":1,"minecraft:dropper":3,"minecraft:prismarine_brick_slab":52,"minecraft:witch_spawn_egg":3,"minecraft:gray_carpet":16,"minecraft:powered_rail":1565,"minecraft:dark_oak_sign":1,"minecraft:oak_planks":20,"minecraft:cartography_table":2,"minecraft:smooth_sandstone_slab":4,"minecraft:redstone_block":131,"minecraft:end_stone_brick_slab":551,"minecraft:cauldron":3,"minecraft:fletching_table":3,"minecraft:mossy_cobblestone":546,"minecraft:sand":48,"minecraft:yellow_terracotta":3379,"minecraft:rail":1,"minecraft:comparator":6,"minecraft:infested_chiseled_stone_bricks":270,"minecraft:tnt":605,"minecraft:oak_slab":45,"minecraft:crafting_table":4,"minecraft:loom":4,"minecraft:blast_furnace":4,"minecraft:black_banner":3,"minecraft:white_bed":28,"minecraft:cave_spider_spawn_egg":1,"minecraft:painting":12,"minecraft:infested_stone_bricks":766,"minecraft:smooth_red_sandstone_stairs":212,"minecraft:smoker":2,"minecraft:dark_oak_door":2,"minecraft:birch_fence":49,"minecraft:redstone_torch":85,"minecraft:black_terracotta":25,"minecraft:sticky_piston":3,"minecraft:lever":36,"minecraft:acacia_stairs":40,"minecraft:black_concrete":15481,"minecraft:cornflower":135,"minecraft:daylight_detector":16,"minecraft:birch_fence_gate":7,"minecraft:acacia_door":12,"minecraft:command_block":26,"minecraft:string":10,"minecraft:stone_button":22,"minecraft:netherite_axe":449,"minecraft:lectern":1,"minecraft:red_terracotta":6101,"minecraft:spruce_trapdoor":10,"minecraft:iron_door":32,"minecraft:soul_lantern":27,"minecraft:acacia_fence_gate":29,"minecraft:jungle_sign":3,"minecraft:smooth_red_sandstone_slab":193,"minecraft:potion":3,"minecraft:andesite":18,"minecraft:repeating_command_block":2,"minecraft:acacia_pressure_plate":2,"minecraft:smooth_stone_slab":127,"minecraft:sandstone_slab":2,"minecraft:grindstone":4,"minecraft:red_banner":6,"minecraft:smithing_table":2,"minecraft:white_stained_glass":106,"minecraft:mossy_cobblestone_wall":315,"minecraft:chain_command_block":5,"minecraft:chain":3,"minecraft:glass_pane":158,"minecraft:sea_pickle":8,"minecraft:white_concrete":1875,"minecraft:coarse_dirt":4,"minecraft:splash_potion":64,"minecraft:soul_torch":1},"minecraft:killed":{"minecraft:spider":1,"minecraft:skeleton":5,"minecraft:zombie_villager":45,"minecraft:creeper":18,"minecraft:pillager":3,"minecraft:zombie":12,"minecraft:villager":5,"minecraft:enderman":2,"minecraft:cow":1},"minecraft:picked_up":{"minecraft:bee_nest":1,"minecraft:azure_bluet":57,"minecraft:redstone_block":1,"minecraft:chicken":2,"minecraft:lead":6,"minecraft:potion":2,"minecraft:cornflower":25,"minecraft:string":8,"minecraft:diamond_leggings":1,"minecraft:comparator":2,"minecraft:beef":3,"minecraft:redstone_torch":15,"minecraft:poppy":20,"minecraft:minecart":1,"minecraft:egg":5,"minecraft:golden_helmet":1,"minecraft:stick":3,"minecraft:torch":3,"minecraft:stone_button":1,"minecraft:diorite":7,"minecraft:redstone":8,"minecraft:golden_chestplate":1,"minecraft:stone_pressure_plate":7,"minecraft:yellow_banner":1,"minecraft:tnt":11,"minecraft:arrow":41,"minecraft:diamond_chestplate":1,"minecraft:rotten_flesh":81,"minecraft:beetroot_seeds":15,"minecraft:music_disc_ward":1,"minecraft:diamond_boots":1,"minecraft:saddle":1,"minecraft:white_terracotta":1,"minecraft:infested_cracked_stone_bricks":1,"minecraft:iron_bars":1,"minecraft:rail":7,"minecraft:cobblestone":384,"minecraft:oxeye_daisy":3,"minecraft:iron_door":6,"minecraft:andesite":99,"minecraft:leather":7,"minecraft:golden_leggings":2,"minecraft:carrot_on_a_stick":2,"minecraft:flint":9,"minecraft:golden_boots":1,"minecraft:gunpowder":17,"minecraft:dirt":387,"minecraft:lantern":2,"minecraft:white_banner":2,"minecraft:bone":64,"minecraft:wheat_seeds":256,"minecraft:iron_ingot":6,"minecraft:grindstone":1,"minecraft:iron_ore":6,"minecraft:cobweb":3,"minecraft:diamond_helmet":1,"minecraft:powered_rail":36,"minecraft:dandelion":38,"minecraft:gravel":4,"minecraft:gold_ore":11,"minecraft:red_terracotta":3,"minecraft:pumpkin_seeds":22,"minecraft:lever":7,"minecraft:granite":9,"minecraft:crossbow":2,"minecraft:golden_apple":6,"minecraft:mossy_cobblestone_stairs":1,"minecraft:oak_sapling":3,"minecraft:melon_seeds":10,"minecraft:coal":32,"minecraft:ender_pearl":2},"minecraft:custom":{"minecraft:mob_kills":96,"minecraft:interact_with_crafting_table":14,"minecraft:open_barrel":7,"minecraft:fill_cauldron":2,"minecraft:leave_game":35,"minecraft:time_since_death":3346679,"minecraft:climb_one_cm":35069,"minecraft:sprint_one_cm":79492,"minecraft:walk_one_cm":4617015,"minecraft:drop":15,"minecraft:talked_to_villager":16,"minecraft:walk_under_water_one_cm":152005,"minecraft:sneak_time":22125,"minecraft:jump":4444,"minecraft:interact_with_brewingstand":2,"minecraft:walk_on_water_one_cm":254103,"minecraft:interact_with_furnace":1,"minecraft:play_one_minute":3346679,"minecraft:interact_with_loom":5,"minecraft:raid_trigger":1,"minecraft:interact_with_grindstone":4,"minecraft:sleep_in_bed":3,"minecraft:time_since_rest":1876138,"minecraft:minecart_one_cm":175630,"minecraft:damage_dealt":21062,"minecraft:fly_one_cm":7397584,"minecraft:open_chest":252,"minecraft:crouch_one_cm":954,"minecraft:interact_with_smoker":2,"minecraft:fall_one_cm":627},"minecraft:dropped":{"minecraft:golden_boots":1,"minecraft:golden_helmet":1,"minecraft:diamond_leggings":1,"minecraft:cobblestone":64,"minecraft:golden_apple":1,"minecraft:dirt":64,"minecraft:diamond_helmet":1,"minecraft:mossy_cobblestone_stairs":1,"minecraft:golden_chestplate":1,"minecraft:grindstone":1,"minecraft:diamond_chestplate":1,"minecraft:golden_leggings":1,"minecraft:yellow_banner":1,"minecraft:redstone_torch":2,"minecraft:diamond_boots":1},"minecraft:crafted":{"minecraft:leather_leggings":5,"minecraft:leather_boots":5,"minecraft:leather_helmet":5,"minecraft:leather_chestplate":5}},"DataVersion":2687}