{"stats":{"minecraft:used":{"minecraft:oak_fence":199,"minecraft:black_concrete":126,"minecraft:white_terracotta":18,"minecraft:white_concrete":21,"minecraft:sand":1,"minecraft:splash_potion":8,"minecraft:infested_cracked_stone_bricks":150,"minecraft:grass_block":832},"minecraft:custom":{"minecraft:jump":70,"minecraft:time_since_rest":93430,"minecraft:damage_dealt":4,"minecraft:crouch_one_cm":42,"minecraft:play_one_minute":93430,"minecraft:leave_game":1,"minecraft:time_since_death":93430,"minecraft:walk_one_cm":28038,"minecraft:sneak_time":838,"minecraft:fly_one_cm":568230},"minecraft:picked_up":{"minecraft:wheat_seeds":16}},"DataVersion":2687}