{"stats":{"minecraft:custom":{"minecraft:jump":116,"minecraft:time_since_rest":89329,"minecraft:damage_dealt":40,"minecraft:crouch_one_cm":11,"minecraft:play_one_minute":89329,"minecraft:walk_on_water_one_cm":5794,"minecraft:time_since_death":89329,"minecraft:walk_one_cm":89743,"minecraft:sneak_time":993,"minecraft:walk_under_water_one_cm":2576,"minecraft:fall_one_cm":418,"minecraft:fly_one_cm":529378,"minecraft:open_chest":16},"minecraft:used":{"minecraft:andesite_wall":462,"minecraft:minecart":1,"minecraft:grass_path":110,"minecraft:water_bucket":1,"minecraft:dark_oak_boat":1,"minecraft:splash_potion":4,"minecraft:grass_block":1}},"DataVersion":2584}