{"stats":{"minecraft:killed":{"minecraft:skeleton":4,"minecraft:pillager":3,"minecraft:zombie":1,"minecraft:creeper":8,"minecraft:enderman":1},"minecraft:picked_up":{"minecraft:stick":3,"minecraft:bee_nest":1,"minecraft:azure_bluet":51,"minecraft:andesite":99,"minecraft:leather":3,"minecraft:lead":4,"minecraft:dandelion":22,"minecraft:gravel":2,"minecraft:flint":1,"minecraft:diorite":7,"minecraft:gunpowder":7,"minecraft:cornflower":13,"minecraft:dirt":378,"minecraft:string":1,"minecraft:white_banner":1,"minecraft:arrow":8,"minecraft:bone":14,"minecraft:rotten_flesh":1,"minecraft:wheat_seeds":218,"minecraft:crossbow":1,"minecraft:granite":9,"minecraft:iron_ore":6,"minecraft:redstone_torch":1,"minecraft:poppy":11,"minecraft:oak_sapling":3,"minecraft:coal":16,"minecraft:ender_pearl":1,"minecraft:egg":1,"minecraft:cobblestone":384,"minecraft:oxeye_daisy":2},"minecraft:used":{"minecraft:redstone_torch":64,"minecraft:netherite_sword":50,"minecraft:black_terracotta":3,"minecraft:oak_fence":16,"minecraft:water_bucket":282,"minecraft:jack_o_lantern":1,"minecraft:diorite":1,"minecraft:black_concrete":14321,"minecraft:damaged_anvil":1,"minecraft:iron_bars":16,"minecraft:grass_block":426,"minecraft:cartography_table":1,"minecraft:netherite_axe":78,"minecraft:oak_sign":1,"minecraft:chest":28,"minecraft:white_terracotta":5438,"minecraft:zombie_spawn_egg":1,"minecraft:barrel":2,"minecraft:smooth_sandstone_stairs":27,"minecraft:oak_door":13,"minecraft:dirt":3018,"minecraft:scaffolding":20,"minecraft:infested_cracked_stone_bricks":127,"minecraft:tnt":605,"minecraft:loom":1,"minecraft:glass_pane":41,"minecraft:andesite":18,"minecraft:white_bed":4,"minecraft:white_concrete":1646,"minecraft:granite":1,"minecraft:dark_oak_door":2,"minecraft:soul_torch":1},"minecraft:custom":{"minecraft:time_since_rest":1917,"minecraft:sprint_one_cm":663,"minecraft:walk_one_cm":963298,"minecraft:mob_kills":17,"minecraft:drop":2,"minecraft:damage_dealt":4748,"minecraft:open_barrel":3,"minecraft:talked_to_villager":4,"minecraft:fly_one_cm":2235729,"minecraft:open_chest":52,"minecraft:play_one_minute":1193370,"minecraft:crouch_one_cm":143,"minecraft:raid_trigger":1,"minecraft:sneak_time":8420,"minecraft:walk_under_water_one_cm":32289,"minecraft:jump":929,"minecraft:leave_game":11,"minecraft:time_since_death":1193370,"minecraft:walk_on_water_one_cm":42460,"minecraft:sleep_in_bed":1,"minecraft:climb_one_cm":13513},"minecraft:dropped":{"minecraft:dirt":64,"minecraft:cobblestone":64}},"DataVersion":2682}