{"stats":{"minecraft:dropped":{"minecraft:cobblestone":64,"minecraft:dirt":64,"minecraft:mossy_cobblestone_stairs":1,"minecraft:grindstone":1,"minecraft:redstone_torch":2},"minecraft:used":{"minecraft:oak_fence":16,"minecraft:purpur_block":475,"minecraft:netherite_sword":50,"minecraft:jack_o_lantern":1,"minecraft:writable_book":1,"minecraft:iron_bars":16,"minecraft:cut_red_sandstone_slab":1,"minecraft:smooth_quartz_slab":22,"minecraft:redstone":58,"minecraft:poppy":140,"minecraft:ladder":2,"minecraft:oak_sign":6,"minecraft:chest":50,"minecraft:white_terracotta":5763,"minecraft:stone":946,"minecraft:zombie_spawn_egg":4,"minecraft:smooth_sandstone_stairs":27,"minecraft:oak_door":14,"minecraft:torch":233,"minecraft:brewing_stand":2,"minecraft:dirt":4424,"minecraft:birch_pressure_plate":2,"minecraft:red_nether_brick_slab":1,"minecraft:skeleton_spawn_egg":23,"minecraft:hopper":1,"minecraft:acacia_button":2,"minecraft:tuff":2,"minecraft:granite":1,"minecraft:oak_fence_gate":2,"minecraft:milk_bucket":2,"minecraft:andesite_wall":274,"minecraft:shroomlight":5,"minecraft:mossy_cobblestone_stairs":36,"minecraft:sea_lantern":18,"minecraft:grass_block":463,"minecraft:spawner":43,"minecraft:mossy_cobblestone_slab":1280,"minecraft:stone_brick_stairs":6,"minecraft:barrel":6,"minecraft:slime_spawn_egg":5,"minecraft:birch_button":1,"minecraft:tripwire_hook":3,"minecraft:repeater":19,"minecraft:bow":2,"minecraft:iron_trapdoor":21,"minecraft:infested_cracked_stone_bricks":3106,"minecraft:scaffolding":41,"minecraft:furnace":1,"minecraft:minecart":6,"minecraft:drowned_spawn_egg":5,"minecraft:acacia_fence":207,"minecraft:horn_coral_block":294,"minecraft:stone_pressure_plate":15,"minecraft:water_bucket":321,"minecraft:diorite":1,"minecraft:damaged_anvil":1,"minecraft:cobblestone_stairs":222,"minecraft:dropper":3,"minecraft:prismarine_brick_slab":52,"minecraft:witch_spawn_egg":2,"minecraft:powered_rail":1565,"minecraft:cartography_table":1,"minecraft:smooth_sandstone_slab":4,"minecraft:redstone_block":131,"minecraft:fletching_table":2,"minecraft:mossy_cobblestone":278,"minecraft:rail":1,"minecraft:comparator":6,"minecraft:yellow_terracotta":2990,"minecraft:infested_chiseled_stone_bricks":270,"minecraft:tnt":605,"minecraft:loom":1,"minecraft:cave_spider_spawn_egg":1,"minecraft:white_bed":18,"minecraft:smoker":1,"minecraft:dark_oak_door":2,"minecraft:birch_fence":49,"minecraft:redstone_torch":85,"minecraft:sticky_piston":3,"minecraft:black_terracotta":3,"minecraft:lever":34,"minecraft:cornflower":135,"minecraft:acacia_stairs":40,"minecraft:black_concrete":14702,"minecraft:birch_fence_gate":7,"minecraft:acacia_door":10,"minecraft:command_block":26,"minecraft:string":10,"minecraft:stone_button":22,"minecraft:netherite_axe":153,"minecraft:lectern":1,"minecraft:red_terracotta":880,"minecraft:iron_door":31,"minecraft:soul_lantern":27,"minecraft:acacia_fence_gate":10,"minecraft:smooth_red_sandstone_slab":1,"minecraft:potion":3,"minecraft:acacia_pressure_plate":2,"minecraft:grindstone":3,"minecraft:smithing_table":1,"minecraft:chain_command_block":5,"minecraft:sandstone_slab":2,"minecraft:andesite":18,"minecraft:mossy_cobblestone_wall":312,"minecraft:glass_pane":77,"minecraft:smooth_stone_slab":66,"minecraft:repeating_command_block":2,"minecraft:sea_pickle":8,"minecraft:white_concrete":1722,"minecraft:coarse_dirt":4,"minecraft:soul_torch":1},"minecraft:killed":{"minecraft:spider":1,"minecraft:skeleton":5,"minecraft:zombie_villager":2,"minecraft:creeper":14,"minecraft:pillager":3,"minecraft:zombie":8,"minecraft:villager":5,"minecraft:cow":1,"minecraft:enderman":2},"minecraft:picked_up":{"minecraft:bee_nest":1,"minecraft:azure_bluet":57,"minecraft:redstone_block":1,"minecraft:chicken":2,"minecraft:lead":5,"minecraft:cornflower":25,"minecraft:string":6,"minecraft:comparator":2,"minecraft:beef":3,"minecraft:redstone_torch":15,"minecraft:poppy":19,"minecraft:minecart":1,"minecraft:egg":4,"minecraft:stick":3,"minecraft:torch":1,"minecraft:stone_button":1,"minecraft:diorite":7,"minecraft:redstone":7,"minecraft:stone_pressure_plate":7,"minecraft:tnt":11,"minecraft:arrow":21,"minecraft:rotten_flesh":22,"minecraft:beetroot_seeds":15,"minecraft:rail":7,"minecraft:cobblestone":384,"minecraft:oxeye_daisy":3,"minecraft:iron_door":6,"minecraft:andesite":99,"minecraft:leather":6,"minecraft:carrot_on_a_stick":2,"minecraft:flint":1,"minecraft:gunpowder":14,"minecraft:dirt":379,"minecraft:white_banner":1,"minecraft:bone":33,"minecraft:wheat_seeds":244,"minecraft:grindstone":1,"minecraft:iron_ore":6,"minecraft:cobweb":3,"minecraft:powered_rail":30,"minecraft:dandelion":27,"minecraft:gravel":4,"minecraft:gold_ore":11,"minecraft:pumpkin_seeds":22,"minecraft:lever":7,"minecraft:mossy_cobblestone_stairs":1,"minecraft:crossbow":1,"minecraft:granite":9,"minecraft:oak_sapling":3,"minecraft:melon_seeds":10,"minecraft:coal":32,"minecraft:ender_pearl":1},"minecraft:custom":{"minecraft:mob_kills":44,"minecraft:open_barrel":6,"minecraft:leave_game":24,"minecraft:time_since_death":2736782,"minecraft:climb_one_cm":26631,"minecraft:sprint_one_cm":76429,"minecraft:walk_one_cm":2900374,"minecraft:drop":5,"minecraft:talked_to_villager":6,"minecraft:sneak_time":18575,"minecraft:walk_under_water_one_cm":112839,"minecraft:jump":3101,"minecraft:walk_on_water_one_cm":232420,"minecraft:interact_with_furnace":1,"minecraft:play_one_minute":2736782,"minecraft:raid_trigger":1,"minecraft:interact_with_grindstone":4,"minecraft:sleep_in_bed":3,"minecraft:time_since_rest":1266241,"minecraft:damage_dealt":10001,"minecraft:minecart_one_cm":175630,"minecraft:fly_one_cm":5325172,"minecraft:open_chest":158,"minecraft:crouch_one_cm":596,"minecraft:interact_with_smoker":2,"minecraft:fall_one_cm":418}},"DataVersion":2683}