{"stats":{"minecraft:dropped":{"minecraft:cobblestone":64,"minecraft:dirt":64},"minecraft:custom":{"minecraft:interact_with_furnace":1,"minecraft:mob_kills":41,"minecraft:open_barrel":6,"minecraft:play_one_minute":2177686,"minecraft:raid_trigger":1,"minecraft:interact_with_grindstone":4,"minecraft:leave_game":21,"minecraft:time_since_death":2177686,"minecraft:sleep_in_bed":3,"minecraft:climb_one_cm":26595,"minecraft:time_since_rest":707145,"minecraft:sprint_one_cm":64955,"minecraft:walk_one_cm":2609343,"minecraft:drop":2,"minecraft:minecart_one_cm":175630,"minecraft:damage_dealt":9403,"minecraft:talked_to_villager":6,"minecraft:fly_one_cm":3980508,"minecraft:open_chest":106,"minecraft:crouch_one_cm":492,"minecraft:sneak_time":15443,"minecraft:walk_under_water_one_cm":42074,"minecraft:jump":2524,"minecraft:walk_on_water_one_cm":47594,"minecraft:interact_with_smoker":2,"minecraft:fall_one_cm":418},"minecraft:used":{"minecraft:netherite_sword":50,"minecraft:oak_fence":16,"minecraft:jack_o_lantern":1,"minecraft:damaged_anvil":1,"minecraft:water_bucket":282,"minecraft:diorite":1,"minecraft:writable_book":1,"minecraft:iron_bars":16,"minecraft:cobblestone_stairs":46,"minecraft:dropper":3,"minecraft:cut_red_sandstone_slab":1,"minecraft:witch_spawn_egg":2,"minecraft:powered_rail":1565,"minecraft:redstone":50,"minecraft:cartography_table":1,"minecraft:oak_sign":6,"minecraft:smooth_sandstone_slab":4,"minecraft:chest":44,"minecraft:white_terracotta":5759,"minecraft:stone":739,"minecraft:zombie_spawn_egg":1,"minecraft:redstone_block":131,"minecraft:fletching_table":2,"minecraft:smooth_sandstone_stairs":27,"minecraft:oak_door":14,"minecraft:torch":228,"minecraft:brewing_stand":2,"minecraft:skeleton_spawn_egg":17,"minecraft:dirt":3584,"minecraft:birch_pressure_plate":2,"minecraft:rail":1,"minecraft:comparator":6,"minecraft:yellow_terracotta":2990,"minecraft:tnt":605,"minecraft:hopper":1,"minecraft:loom":1,"minecraft:white_bed":18,"minecraft:acacia_button":1,"minecraft:tuff":2,"minecraft:granite":1,"minecraft:smoker":1,"minecraft:oak_fence_gate":2,"minecraft:dark_oak_door":2,"minecraft:birch_fence":49,"minecraft:redstone_torch":77,"minecraft:andesite_wall":274,"minecraft:black_terracotta":3,"minecraft:sticky_piston":3,"minecraft:lever":19,"minecraft:acacia_stairs":40,"minecraft:black_concrete":14330,"minecraft:birch_fence_gate":7,"minecraft:acacia_door":10,"minecraft:command_block":25,"minecraft:grass_block":426,"minecraft:spawner":29,"minecraft:stone_button":22,"minecraft:netherite_axe":138,"minecraft:lectern":1,"minecraft:iron_door":27,"minecraft:barrel":6,"minecraft:slime_spawn_egg":4,"minecraft:soul_lantern":27,"minecraft:acacia_fence_gate":2,"minecraft:birch_button":1,"minecraft:repeater":15,"minecraft:andesite":18,"minecraft:infested_cracked_stone_bricks":602,"minecraft:scaffolding":41,"minecraft:acacia_pressure_plate":2,"minecraft:acacia_fence":36,"minecraft:furnace":1,"minecraft:grindstone":3,"minecraft:smithing_table":1,"minecraft:minecart":6,"minecraft:sandstone_slab":2,"minecraft:chain_command_block":5,"minecraft:glass_pane":77,"minecraft:repeating_command_block":2,"minecraft:stone_pressure_plate":11,"minecraft:white_concrete":1646,"minecraft:coarse_dirt":4,"minecraft:soul_torch":1},"minecraft:killed":{"minecraft:zombie_villager":2,"minecraft:spider":1,"minecraft:creeper":14,"minecraft:skeleton":5,"minecraft:pillager":3,"minecraft:zombie":8,"minecraft:villager":5,"minecraft:enderman":1},"minecraft:picked_up":{"minecraft:bee_nest":1,"minecraft:azure_bluet":52,"minecraft:redstone_block":1,"minecraft:chicken":2,"minecraft:iron_door":4,"minecraft:andesite":99,"minecraft:leather":3,"minecraft:lead":4,"minecraft:flint":1,"minecraft:gunpowder":14,"minecraft:cornflower":13,"minecraft:string":6,"minecraft:dirt":378,"minecraft:white_banner":1,"minecraft:bone":26,"minecraft:wheat_seeds":225,"minecraft:comparator":2,"minecraft:iron_ore":6,"minecraft:redstone_torch":3,"minecraft:poppy":11,"minecraft:powered_rail":14,"minecraft:egg":3,"minecraft:stick":3,"minecraft:torch":1,"minecraft:dandelion":23,"minecraft:gravel":4,"minecraft:stone_button":1,"minecraft:diorite":7,"minecraft:redstone":7,"minecraft:stone_pressure_plate":5,"minecraft:arrow":17,"minecraft:rotten_flesh":22,"minecraft:lever":1,"minecraft:crossbow":1,"minecraft:granite":9,"minecraft:oak_sapling":3,"minecraft:coal":16,"minecraft:ender_pearl":1,"minecraft:cobblestone":384,"minecraft:oxeye_daisy":2}},"DataVersion":2682}