{"stats":{"minecraft:custom":{"minecraft:interact_with_furnace":1,"minecraft:mob_kills":41,"minecraft:open_barrel":4,"minecraft:play_one_minute":1771350,"minecraft:raid_trigger":1,"minecraft:interact_with_grindstone":1,"minecraft:leave_game":16,"minecraft:time_since_death":1771350,"minecraft:sleep_in_bed":3,"minecraft:climb_one_cm":22459,"minecraft:time_since_rest":300809,"minecraft:sprint_one_cm":1640,"minecraft:walk_one_cm":1912613,"minecraft:drop":2,"minecraft:damage_dealt":9393,"minecraft:talked_to_villager":5,"minecraft:fly_one_cm":2809337,"minecraft:open_chest":77,"minecraft:crouch_one_cm":320,"minecraft:sneak_time":11838,"minecraft:walk_under_water_one_cm":39504,"minecraft:jump":1656,"minecraft:walk_on_water_one_cm":43401},"minecraft:picked_up":{"minecraft:bee_nest":1,"minecraft:azure_bluet":52,"minecraft:redstone_block":1,"minecraft:iron_door":4,"minecraft:andesite":99,"minecraft:leather":3,"minecraft:lead":4,"minecraft:flint":1,"minecraft:gunpowder":14,"minecraft:cornflower":13,"minecraft:string":6,"minecraft:dirt":378,"minecraft:white_banner":1,"minecraft:bone":26,"minecraft:wheat_seeds":225,"minecraft:comparator":2,"minecraft:iron_ore":6,"minecraft:redstone_torch":2,"minecraft:poppy":11,"minecraft:egg":1,"minecraft:stick":3,"minecraft:dandelion":23,"minecraft:gravel":2,"minecraft:stone_button":1,"minecraft:diorite":7,"minecraft:redstone":7,"minecraft:stone_pressure_plate":5,"minecraft:arrow":17,"minecraft:rotten_flesh":20,"minecraft:crossbow":1,"minecraft:granite":9,"minecraft:oak_sapling":3,"minecraft:coal":16,"minecraft:oxeye_daisy":2,"minecraft:cobblestone":384,"minecraft:ender_pearl":1},"minecraft:used":{"minecraft:oak_fence":16,"minecraft:netherite_sword":50,"minecraft:jack_o_lantern":1,"minecraft:water_bucket":282,"minecraft:damaged_anvil":1,"minecraft:diorite":1,"minecraft:writable_book":1,"minecraft:iron_bars":16,"minecraft:cobblestone_stairs":46,"minecraft:dropper":3,"minecraft:cut_red_sandstone_slab":1,"minecraft:witch_spawn_egg":1,"minecraft:redstone":50,"minecraft:cartography_table":1,"minecraft:oak_sign":4,"minecraft:smooth_sandstone_slab":4,"minecraft:chest":34,"minecraft:white_terracotta":5755,"minecraft:zombie_spawn_egg":1,"minecraft:redstone_block":5,"minecraft:smooth_sandstone_stairs":27,"minecraft:oak_door":14,"minecraft:torch":63,"minecraft:brewing_stand":2,"minecraft:dirt":3461,"minecraft:birch_pressure_plate":2,"minecraft:skeleton_spawn_egg":12,"minecraft:comparator":6,"minecraft:yellow_terracotta":2982,"minecraft:tnt":605,"minecraft:hopper":1,"minecraft:loom":1,"minecraft:white_bed":11,"minecraft:acacia_button":1,"minecraft:granite":1,"minecraft:dark_oak_door":2,"minecraft:birch_fence":49,"minecraft:redstone_torch":73,"minecraft:andesite_wall":24,"minecraft:black_terracotta":3,"minecraft:sticky_piston":3,"minecraft:lever":16,"minecraft:acacia_stairs":40,"minecraft:black_concrete":14328,"minecraft:birch_fence_gate":7,"minecraft:acacia_door":9,"minecraft:grass_block":426,"minecraft:spawner":19,"minecraft:stone_button":22,"minecraft:netherite_axe":138,"minecraft:iron_door":27,"minecraft:barrel":5,"minecraft:slime_spawn_egg":3,"minecraft:soul_lantern":27,"minecraft:acacia_fence_gate":2,"minecraft:birch_button":1,"minecraft:repeater":15,"minecraft:infested_cracked_stone_bricks":526,"minecraft:scaffolding":41,"minecraft:acacia_pressure_plate":2,"minecraft:chain_command_block":5,"minecraft:furnace":1,"minecraft:grindstone":1,"minecraft:smithing_table":1,"minecraft:andesite":18,"minecraft:acacia_fence":36,"minecraft:sandstone_slab":2,"minecraft:glass_pane":77,"minecraft:repeating_command_block":2,"minecraft:stone_pressure_plate":11,"minecraft:white_concrete":1646,"minecraft:coarse_dirt":4,"minecraft:soul_torch":1},"minecraft:killed":{"minecraft:zombie_villager":2,"minecraft:spider":1,"minecraft:creeper":14,"minecraft:skeleton":5,"minecraft:pillager":3,"minecraft:zombie":8,"minecraft:villager":5,"minecraft:enderman":1},"minecraft:dropped":{"minecraft:cobblestone":64,"minecraft:dirt":64}},"DataVersion":2682}